,commit_frequency,unique_authors,avg_commit_size,code_churn,avg_files_per_commit,merge_commit_rate,avg_dmm_unit_size,avg_dmm_complexity,author_diversity_ratio
commit_frequency,1.0,0.8209109341634719,-0.05280256546767692,0.3116756964209791,-0.030804105595755485,0.15485758700417182,0.025587536068409557,-0.3501551894486822,-0.7504130854421605
unique_authors,0.8209109341634719,1.0,-0.34608179170553055,-0.02956750311908421,-0.31182537540568056,-0.04455248768894282,0.0716478304474505,-0.32308491686627605,-0.27409764448450974
avg_commit_size,-0.05280256546767692,-0.34608179170553055,1.0,0.9217673804378161,0.9405393545508693,0.5614447271382981,-0.004078292011212826,-0.013450992033034868,-0.3512470953220774
code_churn,0.3116756964209791,-0.02956750311908421,0.9217673804378161,1.0,0.8945638493271503,0.58458228899978,-0.006696367538408576,-0.138897764948284,-0.6044910454514834
avg_files_per_commit,-0.030804105595755485,-0.31182537540568056,0.9405393545508693,0.8945638493271503,1.0,0.5228811868687496,0.002411850943723355,-0.0011855742469243221,-0.3285455163142057
merge_commit_rate,0.15485758700417182,-0.04455248768894282,0.5614447271382981,0.58458228899978,0.5228811868687496,1.0,0.1033595612559541,0.03635132894568829,-0.3763680954927364
avg_dmm_unit_size,0.025587536068409557,0.0716478304474505,-0.004078292011212826,-0.006696367538408576,0.002411850943723355,0.1033595612559541,1.0,0.05011310695867669,0.08130791205959173
avg_dmm_complexity,-0.3501551894486822,-0.32308491686627605,-0.013450992033034868,-0.138897764948284,-0.0011855742469243221,0.03635132894568829,0.05011310695867669,1.0,0.23538148404992007
author_diversity_ratio,-0.7504130854421605,-0.27409764448450974,-0.3512470953220774,-0.6044910454514834,-0.3285455163142057,-0.3763680954927364,0.08130791205959173,0.23538148404992007,1.0
