repository_name,repository_url,observation_period,total_commits,commit_frequency,unique_authors,avg_commit_size,code_churn,avg_files_per_commit,merge_commits,avg_dmm_unit_size,avg_dmm_complexity,merge_commit_rate,project_id,dataset_type,indicator_planning_effectiveness,indicator_team_collaboration,indicator_coding_discipline,indicator_implementation_stability,indicator_change_manageability,indicator_configuration_management,indicator_design_quality,author_diversity_ratio,indicator_resource_distribution,proxy_SWE_1_score,proxy_SWE_2_3_score,proxy_SWE_4_score,proxy_SWE_5_score,proxy_SUP_1_8_score,proxy_MAN_3_score,repository_aspice_readiness_score,aspice_readiness_level
apollo,https://github.com/ApolloAuto/apollo.git,2017-07-01,300,300,28,8300.253333333334,2490076,7.45,16,0.5904691523544047,0.7231462393931107,0.05333333333333334,apollo-2017-07,Public repository-derived,100.0,100.0,19.354838709677423,0.0,46.7741935483871,72.88135593220339,44.827586206896555,0.09333333333333334,6.451612903225806,73.38709677419355,21.39414163885799,33.06451612903226,36.440677966101696,73.21851649353016,68.81720430107526,48.840063975666624,Moderate
autoware,https://github.com/autowarefoundation/autoware.git,2021-11-01,1,1,1,28.0,28,1.0,0,,,0.0,autoware-2021-11,Public repository-derived,7.258064516129033,15.32258064516129,66.12903225806451,99.3423779083704,95.16129032258064,100.0,,1.0,90.32258064516128,51.20967741935484,82.73570508321745,80.64516129032258,99.6711889541852,70.16129032258064,37.634408602150536,72.42895945264182,High
autoware,https://github.com/autowarefoundation/autoware.git,2021-12-01,1,1,1,661.0,661,12.0,0,,,0.0,autoware-2021-12,Public repository-derived,7.258064516129033,15.32258064516129,40.32258064516129,99.7847528116664,41.93548387096774,100.0,,1.0,90.32258064516128,24.596774193548384,70.05366672841384,41.12903225806451,99.8923764058332,52.41935483870967,37.634408602150536,57.356144110720365,Moderate
autoware,https://github.com/autowarefoundation/autoware.git,2022-01-01,14,14,3,76.64285714285714,1073,5.5,0,,,0.0,autoware-2022-01,Public repository-derived,77.41935483870968,53.2258064516129,56.45161290322581,99.92731913121203,49.193548387096776,100.0,,0.21428571428571427,20.967741935483872,63.30645161290323,78.18946601721892,52.822580645161295,99.96365956560601,67.47311827956989,50.537634408602145,70.75159285850047,High
autoware,https://github.com/autowarefoundation/autoware.git,2022-02-01,24,24,7,40.0,960,2.125,0,,,0.0,autoware-2022-02,Public repository-derived,83.87096774193549,86.29032258064517,61.29032258064516,99.99371030943182,70.96774193548387,100.0,,0.2916666666666667,32.25806451612903,77.41935483870968,80.6420164450385,66.12903225806451,99.99685515471592,85.75268817204301,67.4731182795699,80.64390335220895,High
autoware,https://github.com/autowarefoundation/autoware.git,2022-03-01,19,19,7,48.10526315789474,914,2.6842105263157894,0,,,0.0,autoware-2022-03,Public repository-derived,82.25806451612904,86.29032258064517,58.064516129032256,99.96156300208328,61.29032258064516,100.0,,0.3684210526315789,40.32258064516129,71.7741935483871,79.01303956555776,59.677419354838705,99.98078150104163,82.5268817204301,69.6236559139785,78.33908679396504,High
autoware,https://github.com/autowarefoundation/autoware.git,2022-04-01,31,31,8,45.483870967741936,1410,2.838709677419355,0,,,0.0,autoware-2022-04,Public repository-derived,85.48387096774194,92.74193548387096,59.67741935483871,99.69180516215872,59.67741935483871,100.0,,0.25806451612903225,27.419354838709676,72.58064516129032,79.68461225849872,59.67741935483871,99.84590258107936,84.13978494623656,68.54838709677419,78.64803845178658,High
autoware,https://github.com/autowarefoundation/autoware.git,2022-05-01,37,37,6,27.513513513513512,1018,2.6486486486486487,0,,,0.0,autoware-2022-05,Public repository-derived,91.93548387096774,79.83870967741935,67.74193548387098,99.96575612912875,62.903225806451616,100.0,,0.16216216216216217,12.903225806451612,77.41935483870968,83.85384580649986,65.3225806451613,99.98287806456437,80.91397849462366,61.55913978494623,79.54960283872899,High
autoware,https://github.com/autowarefoundation/autoware.git,2022-06-01,8,8,6,10.625,85,1.25,0,,,0.0,autoware-2022-06,Public repository-derived,57.25806451612904,79.83870967741935,87.09677419354838,99.38221261530225,87.90322580645162,100.0,,0.75,74.19354838709677,72.58064516129033,93.23949340442532,87.5,99.69110630765113,89.24731182795699,70.43010752688171,86.54982961983465,High
autoware,https://github.com/autowarefoundation/autoware.git,2022-07-01,8,8,5,21.875,175,3.375,0,,,0.0,autoware-2022-07,Public repository-derived,57.25806451612904,70.96774193548387,74.19354838709677,99.44510952098415,54.83870967741936,100.0,,0.625,64.51612903225806,56.0483870967742,86.81932895404046,64.51612903225806,99.72255476049207,75.26881720430107,64.24731182795699,76.32047351710007,High
autoware,https://github.com/autowarefoundation/autoware.git,2022-08-01,11,11,3,12.818181818181818,141,1.6363636363636365,0,,,0.0,autoware-2022-08,Public repository-derived,67.74193548387096,53.2258064516129,80.64516129032258,99.42134846772655,79.03225806451613,100.0,,0.2727272727272727,29.03225806451613,73.38709677419354,90.03325487902455,79.83870967741936,99.71067423386327,77.41935483870968,50.0,80.04556001612595,High
autoware,https://github.com/autowarefoundation/autoware.git,2022-09-01,12,12,5,10.75,129,1.4166666666666667,0,,,0.0,autoware-2022-09,Public repository-derived,70.16129032258065,70.96774193548387,85.48387096774194,99.41296221363562,83.87096774193549,100.0,,0.4166666666666667,44.354838709677416,77.01612903225808,92.44841659068878,84.67741935483872,99.70648110681782,84.94623655913979,61.827956989247305,84.70114082982391,High
autoware,https://github.com/autowarefoundation/autoware.git,2022-10-01,8,8,5,9.375,75,1.5,0,,,0.0,autoware-2022-10,Public repository-derived,57.25806451612904,70.96774193548387,88.70967741935485,99.37522407022648,82.25806451612902,100.0,,0.625,64.51612903225806,69.75806451612902,94.04245074479067,85.48387096774194,99.68761203511323,84.40860215053763,64.24731182795699,84.33068997533562,High
autoware,https://github.com/autowarefoundation/autoware.git,2022-11-01,17,17,8,25.58823529411765,435,2.5294117647058822,0,,,0.0,autoware-2022-11,Public repository-derived,80.64516129032258,92.74193548387096,70.96774193548387,99.62681169295408,66.12903225806451,100.0,,0.47058823529411764,48.38709677419355,73.38709677419354,85.29727681421898,68.54838709677419,99.81340584647704,86.29032258064517,73.9247311827957,82.3447171773005,High
autoware,https://github.com/autowarefoundation/autoware.git,2022-12-01,12,12,5,36.5,438,2.5833333333333335,0,,,0.0,autoware-2022-12,Public repository-derived,70.16129032258065,70.96774193548387,62.903225806451616,99.6289082564768,64.51612903225806,100.0,,0.4166666666666667,44.354838709677416,67.33870967741936,81.26606703146422,63.70967741935484,99.8144541282384,78.49462365591397,61.827956989247305,76.92174939323084,High
autoware,https://github.com/autowarefoundation/autoware.git,2023-02-01,8,8,5,5.5,44,1.0,0,,,0.0,autoware-2023-02,Public repository-derived,57.25806451612904,70.96774193548387,96.7741935483871,99.3535595804916,95.16129032258064,100.0,,0.625,64.51612903225806,76.20967741935485,98.06387656443935,95.96774193548387,99.6767797902458,88.70967741935483,64.24731182795699,88.31829256125961,High
autoware,https://github.com/autowarefoundation/autoware.git,2023-03-01,13,13,9,11.538461538461538,150,1.8461538461538463,0,,,0.0,autoware-2023-03,Public repository-derived,74.19354838709677,96.7741935483871,82.25806451612902,99.42763815829474,75.80645161290323,100.0,,0.6923076923076923,70.96774193548387,75.0,90.84285133721188,79.03225806451613,99.71381907914737,90.86021505376345,80.64516129032258,86.94197924456216,High
autoware,https://github.com/autowarefoundation/autoware.git,2023-04-01,7,7,5,6.428571428571429,45,1.1428571428571428,0,,,0.0,autoware-2023-04,Public repository-derived,50.806451612903224,70.96774193548387,91.93548387096774,99.35425843499918,90.3225806451613,100.0,,0.7142857142857143,72.58064516129032,70.56451612903226,95.64487115298346,91.12903225806451,99.67712921749958,87.09677419354837,64.78494623655915,86.10069039667725,High
autoware,https://github.com/autowarefoundation/autoware.git,2023-05-01,6,6,3,17.333333333333332,104,4.0,0,,,0.0,autoware-2023-05,Public repository-derived,46.774193548387096,53.2258064516129,77.41935483870968,99.39549085094622,51.61290322580645,100.0,,0.5,55.64516129032258,49.19354838709677,88.40742284482795,64.51612903225806,99.6977454254731,68.27956989247312,51.88172043010752,72.70167881535053,High
autoware,https://github.com/autowarefoundation/autoware.git,2023-06-01,4,4,4,4.25,17,1.25,0,,,0.0,autoware-2023-06,Public repository-derived,36.29032258064516,61.29032258064516,98.38709677419355,99.33469050878705,87.90322580645162,100.0,,1.0,90.32258064516128,62.096774193548384,98.86089364149029,93.14516129032259,99.66734525439352,83.06451612903226,62.63440860215053,84.84677681143482,High
autoware,https://github.com/autowarefoundation/autoware.git,2023-08-01,2,2,2,6.0,12,1.0,0,,,0.0,autoware-2023-08,Public repository-derived,19.35483870967742,39.516129032258064,94.35483870967742,99.33119623624917,95.16129032258064,100.0,,1.0,90.32258064516128,57.25806451612903,96.8430174729633,94.75806451612902,99.66559811812459,78.22580645161291,49.73118279569892,81.29769086015305,High
autoware,https://github.com/autowarefoundation/autoware.git,2023-09-01,5,5,2,112.8,564,2.0,0,,,0.0,autoware-2023-09,Public repository-derived,41.935483870967744,39.516129032258064,51.61290322580645,99.71696392443147,73.38709677419355,100.0,,0.4,41.935483870967744,57.66129032258065,75.66493357511897,62.5,99.85848196221573,70.96774193548386,41.12903225806452,69.9433927848863,Moderate
autoware,https://github.com/autowarefoundation/autoware.git,2023-10-01,1,1,1,164.0,164,3.0,0,,,0.0,autoware-2023-10,Public repository-derived,7.258064516129033,15.32258064516129,48.38709677419355,99.43742212140081,57.25806451612903,100.0,,1.0,90.32258064516128,32.25806451612903,73.91225944779718,52.822580645161295,99.7187110607004,57.526881720430104,37.634408602150536,61.76248442428016,Moderate
autoware,https://github.com/autowarefoundation/autoware.git,2023-11-01,15,15,7,13.866666666666667,208,3.4,0,,,0.0,autoware-2023-11,Public repository-derived,79.03225806451613,86.29032258064517,79.03225806451613,99.46817171973419,53.225806451612904,100.0,,0.4666666666666667,46.774193548387096,66.12903225806451,89.25021489212516,66.12903225806451,99.7340858598671,79.83870967741935,70.6989247311828,80.21621498910812,High
autoware,https://github.com/autowarefoundation/autoware.git,2023-12-01,3,3,3,26.333333333333332,79,1.3333333333333333,0,,,0.0,autoware-2023-12,Public repository-derived,29.03225806451613,53.2258064516129,69.35483870967742,99.3780194882568,85.48387096774194,100.0,,1.0,90.32258064516128,57.25806451612903,84.3664290989671,77.41935483870968,99.6890097441284,79.56989247311829,57.526881720430104,77.57721680087717,High
autoware,https://github.com/autowarefoundation/autoware.git,2024-01-01,2,2,2,6.0,12,1.0,0,,,0.0,autoware-2024-01,Public repository-derived,19.35483870967742,39.516129032258064,94.35483870967742,99.33119623624917,95.16129032258064,100.0,,1.0,90.32258064516128,57.25806451612903,96.8430174729633,94.75806451612902,99.66559811812459,78.22580645161291,49.73118279569892,81.29769086015305,High
autoware,https://github.com/autowarefoundation/autoware.git,2024-02-01,10,10,8,35.2,352,2.4,0,,,0.0,autoware-2024-02,Public repository-derived,65.32258064516128,92.74193548387096,64.51612903225806,99.56880676882521,67.74193548387098,100.0,,0.8,78.2258064516129,66.53225806451613,82.04246790054164,66.12903225806451,99.7844033844126,86.82795698924731,78.76344086021506,81.1032774827973,High
autoware,https://github.com/autowarefoundation/autoware.git,2024-03-01,8,8,4,296.875,2375,11.25,0,,,0.0,autoware-2024-03,Public repository-derived,57.25806451612904,61.29032258064516,45.16129032258065,99.01741056234725,43.548387096774185,100.0,,0.5,55.64516129032258,50.403225806451616,72.08935044246395,44.354838709677416,99.50870528117363,68.2795698924731,58.064516129032256,67.48493372537268,Moderate
autoware,https://github.com/autowarefoundation/autoware.git,2024-04-01,13,13,10,10.846153846153847,141,1.5384615384615385,0,,,0.0,autoware-2024-04,Public repository-derived,74.19354838709677,98.38709677419355,83.87096774193549,99.42134846772655,80.64516129032258,100.0,,0.7692307692307693,75.80645161290323,77.41935483870967,91.64615810483102,82.25806451612902,99.71067423386327,93.01075268817203,82.79569892473118,88.59394711290015,High
opSimulation,https://gitlab.eclipse.org/eclipse/openpass/opSimulation.git,2017-03-01,2,2,1,18925.0,37850,124.5,0,0.34547576024581916,0.8028543602037759,0.0,opSimulation-2017-03,Public repository-derived,19.35483870967742,15.32258064516129,9.677419354838719,74.22554690606627,16.129032258064512,100.0,34.48275862068965,0.5,55.64516129032258,17.741935483870968,39.46190829386488,12.903225806451616,87.11277345303313,43.817204301075265,30.10752688172043,41.000420220347344,Moderate
opSimulation,https://gitlab.eclipse.org/eclipse/openpass/opSimulation.git,2017-09-01,6,6,1,14907.833333333334,89447,101.0,0,0.225504641225873,0.8827906291439517,0.0,opSimulation-2017-09,Public repository-derived,46.774193548387096,15.32258064516129,12.903225806451616,38.166750878634815,17.74193548387096,100.0,24.13793103448276,0.16666666666666666,15.32258064516129,32.258064516129025,25.06930257318973,15.322580645161288,69.08337543931741,44.354838709677416,25.806451612903228,36.49182592508207,Low
opSimulation,https://gitlab.eclipse.org/eclipse/openpass/opSimulation.git,2017-10-01,2,2,1,22.0,44,2.0,0,,,0.0,opSimulation-2017-10,Public repository-derived,19.35483870967742,15.32258064516129,72.58064516129032,99.3535595804916,73.38709677419355,100.0,,0.5,55.64516129032258,46.37096774193549,85.96710237089096,72.98387096774194,99.6767797902458,62.90322580645161,30.10752688172043,68.98361514190478,Moderate
opSimulation,https://gitlab.eclipse.org/eclipse/openpass/opSimulation.git,2017-12-01,3,3,2,4481.666666666667,13445,48.0,0,0.4050377833753149,0.6282115869017633,0.0,opSimulation-2017-12,Public repository-derived,29.03225806451613,39.516129032258064,22.58064516129032,91.28109116347395,25.80645161290323,100.0,72.41379310344828,0.6666666666666666,68.54838709677419,27.41935483870968,62.091843142737524,24.193548387096776,95.64054558173697,55.107526881720425,45.69892473118279,54.40938097070135,Moderate
opSimulation,https://gitlab.eclipse.org/eclipse/openpass/opSimulation.git,2018-01-01,4,4,2,8606.75,34427,144.25,2,0.6848777543012375,0.8599456685783278,0.5,opSimulation-2018-01,Public repository-derived,36.29032258064516,39.516129032258064,17.74193548387096,76.61772588550106,14.516129032258064,0.0,27.58620689655173,0.5,55.64516129032258,25.403225806451612,40.64862275530792,16.129032258064512,38.30886294275053,18.010752688172044,43.817204301075265,31.295529397676205,Low
opSimulation,https://gitlab.eclipse.org/eclipse/openpass/opSimulation.git,2018-02-01,13,13,1,3272.076923076923,42537,57.30769230769231,0,0.4925643974934127,0.7622094003140049,0.0,opSimulation-2018-02,Public repository-derived,74.19354838709677,15.32258064516129,27.41935483870968,70.95001582905458,19.354838709677423,100.0,37.93103448275862,0.07692307692307693,3.225806451612903,46.774193548387096,45.43346838350762,23.38709677419355,85.47500791452728,44.892473118279575,30.913978494623652,48.07685654992956,Moderate
opSimulation,https://gitlab.eclipse.org/eclipse/openpass/opSimulation.git,2018-05-01,8,8,2,122.25,978,5.5,2,0.5538922155688623,1.0,0.25,opSimulation-2018-05,Public repository-derived,57.25806451612904,39.516129032258064,50.0,99.99371030943182,49.193548387096776,0.0,6.896551724137936,0.25,25.0,53.22580645161291,52.296754011189925,49.596774193548384,49.99685515471591,29.569892473118284,40.59139784946237,46.406302478342454,Moderate
opSimulation,https://gitlab.eclipse.org/eclipse/openpass/opSimulation.git,2018-06-01,4,4,2,653.25,2613,14.75,0,0.1900145560407569,0.8471615720524017,0.0,opSimulation-2018-06,Public repository-derived,36.29032258064516,39.516129032258064,41.93548387096774,98.85108318954401,38.70967741935484,100.0,31.034482758620683,0.5,55.64516129032258,37.5,57.27368327304415,40.32258064516129,99.425541594772,59.40860215053764,43.817204301075265,58.49710303807936,Moderate
opSimulation,https://gitlab.eclipse.org/eclipse/openpass/opSimulation.git,2018-08-01,6,6,2,2503.3333333333335,15020,27.5,0,0.511009361009361,0.41296805046805046,0.0,opSimulation-2018-08,Public repository-derived,46.774193548387096,39.516129032258064,30.645161290322577,90.18039531404075,35.483870967741936,100.0,93.10344827586206,0.3333333333333333,37.096774193548384,41.12903225806451,71.30966829340846,33.064516129032256,95.09019765702038,58.333333333333336,41.12903225806451,59.32836028685997,Moderate
opSimulation,https://gitlab.eclipse.org/eclipse/openpass/opSimulation.git,2018-10-01,7,7,2,25545.0,178815,189.85714285714286,1,0.20491446006320146,0.6577421815408085,0.14285714285714285,opSimulation-2018-10,Public repository-derived,50.806451612903224,39.516129032258064,6.451612903225808,0.0,9.677419354838719,27.36077481840192,55.172413793103445,0.2857142857142857,30.64516129032258,30.24193548387097,20.541342232109752,8.064516129032263,13.68038740920096,25.518107735166236,40.32258064516129,22.466416927246755,Low
opSimulation,https://gitlab.eclipse.org/eclipse/openpass/opSimulation.git,2019-01-01,3,3,1,7439.0,22317,48.666666666666664,0,0.24976098595466556,0.6472456890557641,0.0,opSimulation-2019-01,Public repository-derived,29.03225806451613,15.32258064516129,20.967741935483872,85.08085397225408,24.19354838709677,100.0,62.06896551724138,0.3333333333333333,37.096774193548384,26.61290322580645,56.039187141659774,22.58064516129032,92.54042698612704,46.50537634408602,27.150537634408604,48.143342180396075,Moderate
opSimulation,https://gitlab.eclipse.org/eclipse/openpass/opSimulation.git,2019-02-01,1,1,1,3466.0,3466,57.0,0,1.0,1.0,0.0,opSimulation-2019-02,Public repository-derived,7.258064516129033,15.32258064516129,24.19354838709677,98.25496029458115,20.967741935483872,100.0,6.896551724137936,1.0,90.32258064516128,14.112903225806452,43.11502013527195,22.58064516129032,99.12748014729058,45.43010752688172,37.634408602150536,46.41220973393186,Moderate
opSimulation,https://gitlab.eclipse.org/eclipse/openpass/opSimulation.git,2019-03-01,1,1,1,102.0,102,3.0,0,0.0,1.0,0.0,opSimulation-2019-03,Public repository-derived,7.258064516129033,15.32258064516129,53.225806451612904,99.39409314193107,57.25806451612903,100.0,6.896551724137936,1.0,90.32258064516128,32.25806451612903,53.1721504392273,55.24193548387097,99.69704657096554,57.526881720430104,37.634408602150536,57.97303295042566,Moderate
opSimulation,https://gitlab.eclipse.org/eclipse/openpass/opSimulation.git,2019-06-01,1,1,1,599.0,599,47.0,0,0.6964285714285714,0.9464285714285714,0.0,opSimulation-2019-06,Public repository-derived,7.258064516129033,15.32258064516129,43.548387096774185,99.74142383219665,27.41935483870968,100.0,20.689655172413794,1.0,90.32258064516128,17.338709677419356,54.659822033794875,35.483870967741936,99.87071191609832,47.58064516129033,37.634408602150536,51.61175195126897,Moderate
opSimulation,https://gitlab.eclipse.org/eclipse/openpass/opSimulation.git,2019-08-01,2,2,2,37412.0,74824,326.5,0,0.33921380632790027,0.7612655800575263,0.0,opSimulation-2019-08,Public repository-derived,19.35483870967742,39.516129032258064,3.225806451612897,48.3861003429279,3.225806451612897,100.0,41.379310344827594,1.0,90.32258064516128,11.290322580645158,30.99707237978946,3.225806451612897,74.19305017146395,47.58064516129033,49.73118279569892,37.812218058637775,Low
opSimulation,https://gitlab.eclipse.org/eclipse/openpass/opSimulation.git,2019-09-01,1,1,1,863.0,863,33.0,0,0.476878612716763,0.6358381502890174,0.0,opSimulation-2019-09,Public repository-derived,7.258064516129033,15.32258064516129,38.70967741935484,99.92592142219688,32.25806451612904,100.0,68.9655172413793,1.0,90.32258064516128,19.758064516129036,69.20037202764367,35.483870967741936,99.96296071109845,49.19354838709677,37.634408602150536,55.14315041871616,Moderate
opSimulation,https://gitlab.eclipse.org/eclipse/openpass/opSimulation.git,2019-11-01,2,2,1,73499.0,146998,598.0,1,0.16388489208633095,0.9646762589928057,0.5,opSimulation-2019-11,Public repository-derived,19.35483870967742,15.32258064516129,0.0,0.0,0.0,0.0,17.241379310344826,0.5,55.64516129032258,9.67741935483871,5.747126436781609,0.0,0.0,5.10752688172043,30.10752688172043,7.883296255098257,Low
opSimulation,https://gitlab.eclipse.org/eclipse/openpass/opSimulation.git,2019-12-01,9,9,2,37303.666666666664,335733,295.22222222222223,1,0.5031662052701733,0.5311175991747545,0.1111111111111111,opSimulation-2019-12,Public repository-derived,62.903225806451616,39.516129032258064,4.838709677419345,0.0,4.838709677419345,43.50282485875705,86.20689655172414,0.2222222222222222,22.58064516129032,33.87096774193548,30.348535409714497,4.838709677419345,21.751412429378526,29.28588785614482,41.666666666666664,26.86932435914355,Low
opSimulation,https://gitlab.eclipse.org/eclipse/openpass/opSimulation.git,2020-01-01,3,3,1,17021.0,51063,166.66666666666666,1,1.0,1.0,0.3333333333333333,opSimulation-2020-01,Public repository-derived,29.03225806451613,15.32258064516129,11.290322580645167,64.99158229745623,12.903225806451616,0.0,6.896551724137936,0.3333333333333333,37.096774193548384,20.967741935483872,27.726152200746444,12.096774193548391,32.49579114872812,9.408602150537634,27.150537634408604,22.487937056991683,Low
opSimulation,https://gitlab.eclipse.org/eclipse/openpass/opSimulation.git,2020-02-01,5,5,4,43205.4,216027,357.4,1,0.45143511559659294,0.6394939782671513,0.2,opSimulation-2020-02,Public repository-derived,41.935483870967744,61.29032258064516,1.6129032258064484,0.0,1.6129032258064484,0.0,65.51724137931035,0.8,78.2258064516129,21.774193548387096,22.376714868372265,1.6129032258064484,0.0,20.96774193548387,60.48387096774193,20.201149425287355,Low
opSimulation,https://gitlab.eclipse.org/eclipse/openpass/opSimulation.git,2020-03-01,32,32,6,1978.375,63308,34.15625,0,0.35882470504399044,0.5187349728745392,0.0,opSimulation-2020-03,Public repository-derived,87.09677419354838,79.83870967741935,32.25806451612904,56.43410885218039,29.032258064516128,100.0,89.65517241379311,0.1875,17.741935483870968,58.064516129032256,59.44911526070084,30.645161290322584,78.21705442609019,69.6236559139785,61.55913978494624,60.51710490510015,Moderate
opSimulation,https://gitlab.eclipse.org/eclipse/openpass/opSimulation.git,2020-04-01,5,5,1,918.6,4593,19.2,0,0.3333333333333333,0.6666666666666666,0.0,opSimulation-2020-04,Public repository-derived,41.935483870967744,15.32258064516129,37.096774193548384,97.46735126454229,37.096774193548384,100.0,51.724137931034484,0.2,19.35483870967742,39.516129032258064,62.09608779637505,37.096774193548384,98.73367563227114,50.806451612903224,25.53763440860215,55.109501072826006,Moderate
opSimulation,https://gitlab.eclipse.org/eclipse/openpass/opSimulation.git,2020-05-01,3,3,2,9.333333333333334,28,1.6666666666666667,0,,,0.0,opSimulation-2020-05,Public repository-derived,29.03225806451613,39.516129032258064,90.3225806451613,99.3423779083704,77.41935483870968,100.0,,0.6666666666666666,68.54838709677419,53.225806451612904,94.83247927676584,83.87096774193549,99.6711889541852,72.31182795698925,45.69892473118279,77.16686267844828,High
opSimulation,https://gitlab.eclipse.org/eclipse/openpass/opSimulation.git,2020-06-01,4,4,1,14092.0,56368,205.25,2,0.0,1.0,0.5,opSimulation-2020-06,Public repository-derived,36.29032258064516,15.32258064516129,16.129032258064512,61.28415913476219,6.451612903225808,0.0,6.896551724137936,0.25,25.0,21.370967741935484,28.10324770565488,11.29032258064516,30.642079567381096,7.258064516129032,25.53763440860215,21.567613841703974,Low
opSimulation,https://gitlab.eclipse.org/eclipse/openpass/opSimulation.git,2020-07-01,44,44,4,1799.5,79178,33.18181818181818,1,0.33817988982306363,0.557539002469744,0.022727272727272728,opSimulation-2020-07,Public repository-derived,93.54838709677419,61.29032258064516,33.87096774193549,45.34328781693924,30.645161290322577,88.4437596302003,82.75862068965517,0.09090909090909091,4.838709677419355,62.096774193548384,53.990958749509964,32.25806451612903,66.89352372356977,60.12641450038935,53.225806451612904,55.3329554438679,Moderate
opSimulation,https://gitlab.eclipse.org/eclipse/openpass/opSimulation.git,2020-08-01,35,35,4,3360.6,117621,29.142857142857142,1,0.3348532303668935,0.5815360105183893,0.02857142857142857,opSimulation-2020-08,Public repository-derived,88.70967741935483,61.29032258064516,25.80645161290323,18.4772239821708,33.87096774193549,85.4721549636804,79.3103448275862,0.11428571428571428,9.67741935483871,61.29032258064516,41.19800680755341,29.83870967741936,51.9746894729256,60.21114842875368,53.225806451612904,49.319437326860466,Moderate
opSimulation,https://gitlab.eclipse.org/eclipse/openpass/opSimulation.git,2020-09-01,36,36,6,14211.194444444445,511603,197.66666666666666,6,0.47343263514939615,0.648775202382199,0.16666666666666666,opSimulation-2020-09,Public repository-derived,90.32258064516128,79.83870967741935,14.516129032258064,0.0,8.064516129032256,15.254237288135586,58.62068965517241,0.16666666666666666,15.32258064516129,49.19354838709677,24.378939562476827,11.29032258064516,7.627118644067793,34.38582103152906,61.8279569892473,29.90585898958667,Low
opSimulation,https://gitlab.eclipse.org/eclipse/openpass/opSimulation.git,2020-10-01,1,1,1,2659.0,2659,55.0,0,,,0.0,opSimulation-2020-10,Public repository-derived,7.258064516129033,15.32258064516129,29.032258064516128,98.81893588219549,22.58064516129032,100.0,,1.0,90.32258064516128,14.919354838709676,63.92559697335581,25.806451612903224,99.40946794109774,45.96774193548387,37.634408602150536,51.316206531277814,Moderate
opSimulation,https://gitlab.eclipse.org/eclipse/openpass/opSimulation.git,2020-12-01,10,10,3,90.0,900,2.2,3,,,0.3,opSimulation-2020-12,Public repository-derived,65.32258064516128,53.2258064516129,54.83870967741936,99.95177903897722,69.35483870967742,0.0,,0.3,33.87096774193548,67.33870967741936,77.39524435819828,62.09677419354839,49.97588951948861,40.86021505376344,50.806451612903224,58.639549356182535,Moderate
opSimulation,https://gitlab.eclipse.org/eclipse/openpass/opSimulation.git,2021-02-01,2,2,1,18.0,36,1.0,0,,,0.0,opSimulation-2021-02,Public repository-derived,19.35483870967742,15.32258064516129,75.80645161290323,99.347968744431,95.16129032258064,100.0,,0.5,55.64516129032258,57.25806451612903,87.57721017866712,85.48387096774194,99.6739843722155,70.16129032258064,30.10752688172043,73.90185181340233,High
opSimulation,https://gitlab.eclipse.org/eclipse/openpass/opSimulation.git,2021-03-01,45,45,7,231.17777777777778,10403,8.844444444444445,0,0.3085358164414571,0.6261071403356453,0.0,opSimulation-2021-03,Public repository-derived,95.16129032258065,86.29032258064517,46.7741935483871,93.40700657552206,45.16129032258065,100.0,75.86206896551724,0.15555555555555556,11.29032258064516,70.16129032258065,72.0144230298088,45.96774193548387,96.70350328776104,77.1505376344086,64.24731182795699,72.37261752157848,High
sumo,https://github.com/eclipse-sumo/sumo.git,2018-04-01,251,251,8,23894.717131474103,5997574,167.69721115537848,5,0.3927482577606903,0.38030686152791504,0.0199203187250996,sumo-2018-04,Public repository-derived,98.38709677419355,92.74193548387096,8.064516129032256,0.0,11.290322580645167,89.871024377068,96.55172413793103,0.03187250996015936,1.6129032258064515,54.83870967741936,34.872080088987765,9.677419354838712,44.935512188534,64.63442748052803,64.24731182795699,44.97119870661582,Moderate
sumo,https://github.com/eclipse-sumo/sumo.git,2018-05-01,49,49,5,1526.9591836734694,74821,14.306122448979592,0,0.5727539553267437,0.696883946380027,0.0,sumo-2018-05,Public repository-derived,96.7741935483871,70.96774193548387,35.483870967741936,48.38819690645062,40.32258064516129,100.0,48.275862068965516,0.10204081632653061,8.064516129032258,68.54838709677419,44.04930998105269,37.903225806451616,74.19409845322531,70.43010752688171,58.60215053763441,58.971262332016884,Moderate
